
--------------------------------------------------------------------------------------------------------------------------------
INSERT INTO CteTel(Cliente,Telefono,Tipo,Lada,Fecha,ValidacionTel) VALUES
('C02074778','12345678','Movil','352','2021-09-27','0'),
('C02074778','12345679','Movil','35','2021-09-27','0')




----------------------------------------------------------------------------------------------------------------------------------------------------------------------------------------------------------------------------------------------------------------
INSERT INTO Cte(Cliente,Nombre,Direccion,DireccionNumero,DireccionNumeroInt,
	Delegacion,Colonia,Poblacion,Estado,CodigoPostal,RFC,CalificacionGlobal,IDMagento,
	SinBonifDIMA,IdCatalogoTarjetas,NIPVenta) VALUES
('C02074778','Nombre test3','Direccion test3','123','','LA PIEDAD','EJIDO LOS MORENO','LA PIEDAD','MICHOACAN','59386','RFC Test1','0',NULL,'1',NULL,'test')


----------------------------------------------------------------------------------------------------------------------------------------------------------------------------------------------------------------------------------------------------------------
INSERT INTO CodigoPostal(CodigoPostal,Colonia,Delegacion,Estado,Cobranza) VALUES
('59386','EJIDO LOS MORENO','LA PIEDAD','MICHOACAN','PIE0106')


----------------------------------------------------------------------------------------------------------------------------------------------------------------------------------------------------------------------------------------------------------------
INSERT INTO Cxc(ID,Empresa,Mov,MovID,FechaEmision,Concepto,Estatus,Cliente,Condicion,
Vencimiento,Importe,Impuestos,Saldo,SucursalOrigen,PadreMAVI,PadreIDMAVI,
IDPadreMAVI,CteFinal,IDBonifCC,BonifCC,CobroCteFinal,ImpApoyoDIMA,SaldoApoyoDima,ClienteEnviarA) VALUES
('91225039','MAVI','Factura','ZCBC17126','2021-08-26',NULL,'CONCLUIDO','C02074778','05 Q MA VAL PP','2021-09-17','1898.28','303.72',NULL,'55','Factura','ZCBC17126',NULL,'F00057773',NULL,NULL,NULL,NULL,NULL,'76'),
('91225041','MAVI','Documento','ZCB378323','2021-08-26',NULL,'CONCLUIDO','C02074778','(Fecha)','2021-09-17','379.66','60.74',NULL,'0','Factura','ZCBC17126',NULL,'F00057773','0','0.00',NULL,NULL,NULL,'76'),
('91225043','MAVI','Documento','ZCB378324','2021-08-26',NULL,'CONCLUIDO','C02074778','(Fecha)','2021-10-02','379.66','60.74',NULL,'0','Factura','ZCBC17126',NULL,'F00057773','0','0.00',NULL,NULL,NULL,'76'),
('91225044','MAVI','Documento','ZCB378325','2021-08-26',NULL,'CONCLUIDO','C02074778','(Fecha)','2021-10-17','379.66','60.74',NULL,'0','Factura','ZCBC17126',NULL,'F00057773','0','0.00',NULL,NULL,NULL,'76'),
('91225045','MAVI','Documento','ZCB378326','2021-08-26',NULL,'PENDIENTE','C02074778','(Fecha)','2021-11-02','379.66','60.74','438.42','0','Factura','ZCBC17126',NULL,'F00057773','0','0.00',NULL,NULL,NULL,'76'),
('91225046','MAVI','Documento','ZCB378327','2021-08-26',NULL,'PENDIENTE','C02074778','(Fecha)','2021-11-17','379.66','60.74','440.40','0','Factura','ZCBC17126',NULL,'F00057773','0','0.00',NULL,NULL,NULL,'76'),
('92152524','MAVI','Cobro','ZCBC185778','2021-09-17',NULL,'CONCLUIDO','C02074778',NULL,'2021-09-17','324.14','51.86',NULL,'55','Cobro','ZCBC185778',NULL,'0',NULL,NULL,NULL,NULL,NULL,NULL),
('92152526','MAVI','Nota Credito','ZCB46550','2021-09-17','BONIF PAGO PUNTUAL','CONCLUIDO','C02074778',NULL,'2021-09-17','56.95','9.11',NULL,'55','Nota Credito','ZCB46550',NULL,'0',NULL,NULL,NULL,NULL,NULL,'76'),
('92536590','MAVI','Cobro','ZCBC186592','2021-09-27',NULL,'CONCLUIDO','C02074778',NULL,'2021-09-27','324.14','51.86',NULL,'55','Cobro','ZCBC186592',NULL,'0',NULL,NULL,NULL,NULL,NULL,NULL),
('92536592','MAVI','Nota Credito','ZCB46791','2021-09-27','BONIF PAGO PUNTUAL','CONCLUIDO','C02074778',NULL,'2021-09-27','56.95','9.11',NULL,'55','Nota Credito','ZCB46791',NULL,'0',NULL,NULL,NULL,NULL,NULL,'76'),
('92536767','MAVI','Factura','ZCBC17397','2021-09-27',NULL,'CONCLUIDO','C02074778','05 Q MA VAL PP','2021-10-17','826.72','132.28',NULL,'55','Factura','ZCBC17397',NULL,'F00057773',NULL,NULL,NULL,NULL,NULL,'76'),
('92536768','MAVI','Documento','ZCB383383','2021-09-27',NULL,'CONCLUIDO','C02074778','(Fecha)','2021-10-17','165.34','26.46',NULL,'0','Factura','ZCBC17397',NULL,'F00057773','0','0.00',NULL,NULL,NULL,'76'),
('92536770','MAVI','Documento','ZCB383384','2021-09-27',NULL,'CONCLUIDO','C02074778','(Fecha)','2021-11-02','165.34','26.46',NULL,'0','Factura','ZCBC17397',NULL,'F00057773','0','0.00',NULL,NULL,NULL,'76'),
('92536771','MAVI','Documento','ZCB383385','2021-09-27',NULL,'PENDIENTE','C02074778','(Fecha)','2021-11-17','165.34','26.46','154.86','0','Factura','ZCBC17397',NULL,'F00057773','0','0.00',NULL,NULL,NULL,'76'),
('92536772','MAVI','Documento','ZCB383386','2021-09-27',NULL,'PENDIENTE','C02074778','(Fecha)','2021-12-02','165.34','26.46','191.80','0','Factura','ZCBC17397',NULL,'F00057773','0','0.00',NULL,NULL,NULL,'76'),
('92536773','MAVI','Documento','ZCB383387','2021-09-27',NULL,'PENDIENTE','C02074778','(Fecha)','2021-12-17','165.34','26.46','191.80','0','Factura','ZCBC17397',NULL,'F00057773','0','0.00',NULL,NULL,NULL,'76'),
('93274847','MAVI','Cobro','ZCBC188187','2021-10-15',NULL,'CONCLUIDO','C02074778',NULL,'2021-10-15','321.55','51.45',NULL,'55','Cobro','ZCBC188187',NULL,'0',NULL,NULL,NULL,NULL,NULL,NULL),
('93274848','MAVI','Nota Credito','ZCB47262','2021-10-15','BONIF PAGO PUNTUAL','CONCLUIDO','C02074778',NULL,'2021-10-15','56.95','9.11',NULL,'55','Nota Credito','ZCB47262',NULL,'0',NULL,NULL,NULL,NULL,NULL,'76'),
('93274849','MAVI','Cobro','ZCBC188188','2021-10-15',NULL,'CONCLUIDO','C02074778',NULL,'2021-10-15','142.24','22.76',NULL,'55','Cobro','ZCBC188188',NULL,'0',NULL,NULL,NULL,NULL,NULL,NULL),
('93274850','MAVI','Nota Credito','ZCB47263','2021-10-15','BONIF PAGO PUNTUAL','CONCLUIDO','C02074778',NULL,'2021-10-15','24.80','3.97',NULL,'55','Nota Credito','ZCB47263',NULL,'0',NULL,NULL,NULL,NULL,NULL,'76'),
('93950476','MAVI','Cobro','ZCBC189771','2021-10-31',NULL,'CONCLUIDO','C02074778',NULL,'2021-10-31','170.69','27.31',NULL,'55','Cobro','ZCBC189771',NULL,'0',NULL,NULL,NULL,NULL,NULL,NULL),
('93950478','MAVI','Nota Credito','ZCB47718','2021-10-31','BONIF PAGO PUNTUAL','CONCLUIDO','C02074778',NULL,'2021-10-31','24.80','3.97',NULL,'55','Nota Credito','ZCB47718',NULL,'0',NULL,NULL,NULL,NULL,NULL,'76'),
('95830165','MAVI','Cobro','ZELC48232','2021-12-11',NULL,'CANCELADO','C02074778',NULL,'2021-12-11','788.54','126.17',NULL,'76','Cobro','ZELC48232',NULL,'0',NULL,NULL,NULL,NULL,NULL,NULL),
('95830166','MAVI','Nota Cargo','ZEL8835','2021-12-11','MORATORIOS MENUDEO','CANCELADO','C02074778',NULL,'2021-12-11','30.94','4.95',NULL,'76','Nota Cargo','ZEL8835',NULL,'0',NULL,NULL,NULL,NULL,NULL,'76'),
('95830167','MAVI','Cobro','ZELC48233','2021-12-11',NULL,'CANCELADO','C02074778',NULL,'2021-12-11','305.17','48.83',NULL,'76','Cobro','ZELC48233',NULL,'0',NULL,NULL,NULL,NULL,NULL,NULL),
('95830168','MAVI','Nota Cargo','ZEL8836','2021-12-11','MORATORIOS MENUDEO','CANCELADO','C02074778',NULL,'2021-12-11','5.56','0.89',NULL,'76','Nota Cargo','ZEL8836',NULL,'0',NULL,NULL,NULL,NULL,NULL,'76')


----------------------------------------------------------------------------------------------------------------------------------------------------------------------------------------------------------------------------------------------------------------
INSERT INTO Auxiliar(ID,Empresa,Rama,Mov,MovID,Modulo,ModuloID,Moneda,TipoCambio,
Grupo,Cuenta,SubCuenta,Ejercicio,Periodo,Fecha,Cargo,Abono,
Aplica,AplicaID,FechaConciliacion) VALUES
('209201230','MAVI','CXC','Nota Cargo','ZEL8835','CXC','95830166','Pesos','1',' ','C02074778','','2021','12','2021-12-11','-35.89',NULL,'Nota Cargo','ZEL8835',NULL),
('209201228','MAVI','CXC','Cobro','ZELC48232','CXC','95830165','Pesos','1',' ','C02074778','','2021','12','2021-12-11',NULL,'-440.40','Documento','ZCB378327',NULL),
('209201227','MAVI','CXC','Cobro','ZELC48232','CXC','95830165','Pesos','1',' ','C02074778','','2021','12','2021-12-11',NULL,'-438.42','Documento','ZCB378326',NULL),
('209201226','MAVI','CXC','Cobro','ZELC48232','CXC','95830165','Pesos','1',' ','C02074778','','2021','12','2021-12-11',NULL,'-35.89','Nota Cargo','ZEL8835',NULL),
('209201225','MAVI','CXC','Nota Cargo','ZEL8836','CXC','95830168','Pesos','1',' ','C02074778','','2021','12','2021-12-11','-6.45',NULL,'Nota Cargo','ZEL8836',NULL),
('209201219','MAVI','CXC','Cobro','ZELC48233','CXC','95830167','Pesos','1',' ','C02074778','','2021','12','2021-12-11',NULL,'-0.89','Documento','ZCB383387',NULL),
('209201218','MAVI','CXC','Cobro','ZELC48233','CXC','95830167','Pesos','1',' ','C02074778','','2021','12','2021-12-11',NULL,'-191.80','Documento','ZCB383386',NULL),
('209201217','MAVI','CXC','Cobro','ZELC48233','CXC','95830167','Pesos','1',' ','C02074778','','2021','12','2021-12-11',NULL,'-154.86','Documento','ZCB383385',NULL),
('209201216','MAVI','CXC','Cobro','ZELC48233','CXC','95830167','Pesos','1',' ','C02074778','','2021','12','2021-12-11',NULL,'-6.45','Nota Cargo','ZEL8836',NULL),
('204895393','MAVI','CXC','Cobro','ZCBC189771','CXC','93950476','Pesos','1',' ','C02074778','','2021','10','2021-10-31',NULL,'36.94','Documento','ZCB383385',NULL),
('204895392','MAVI','CXC','Cobro','ZCBC189771','CXC','93950476','Pesos','1',' ','C02074778','','2021','10','2021-10-31',NULL,'161.06','Documento','ZCB383384',NULL),
('204895391','MAVI','CXC','Nota Credito','ZCB47718','CXC','93950478','Pesos','1',' ','C02074778','','2021','10','2021-10-31',NULL,'28.77','Documento','ZCB383384',NULL),
('200499955','MAVI','CXC','Cobro','ZCBC185778','CXC','92152524','Pesos','1',' ','C02074778','','2021','9','2021-09-17',NULL,'1.66','Documento','ZCB378324',NULL),
('200499953','MAVI','CXC','Cobro','ZCBC185778','CXC','92152524','Pesos','1',' ','C02074778','','2021','9','2021-09-17',NULL,'374.34','Documento','ZCB378323',NULL),
('200499950','MAVI','CXC','Nota Credito','ZCB46550','CXC','92152526','Pesos','1',' ','C02074778','','2021','9','2021-09-17',NULL,'66.06','Documento','ZCB378323',NULL),
('209196628','MAVI','CXC','Cobro','ZELC48233','CXC','95830167','Pesos','1',' ','C02074778','','2021','12','2021-12-11',NULL,'0.89','Documento','ZCB383387',NULL),
('209196627','MAVI','CXC','Cobro','ZELC48233','CXC','95830167','Pesos','1',' ','C02074778','','2021','12','2021-12-11',NULL,'191.80','Documento','ZCB383386',NULL),
('209196626','MAVI','CXC','Cobro','ZELC48233','CXC','95830167','Pesos','1',' ','C02074778','','2021','12','2021-12-11',NULL,'154.86','Documento','ZCB383385',NULL),
('209196625','MAVI','CXC','Cobro','ZELC48233','CXC','95830167','Pesos','1',' ','C02074778','','2021','12','2021-12-11',NULL,'6.45','Nota Cargo','ZEL8836',NULL),
('209196624','MAVI','CXC','Nota Cargo','ZEL8836','CXC','95830168','Pesos','1',' ','C02074778','','2021','12','2021-12-11','6.45',NULL,'Nota Cargo','ZEL8836',NULL),
('209196622','MAVI','CXC','Cobro','ZELC48232','CXC','95830165','Pesos','1',' ','C02074778','','2021','12','2021-12-11',NULL,'440.40','Documento','ZCB378327',NULL),
('209196621','MAVI','CXC','Cobro','ZELC48232','CXC','95830165','Pesos','1',' ','C02074778','','2021','12','2021-12-11',NULL,'438.42','Documento','ZCB378326',NULL),
('209196620','MAVI','CXC','Cobro','ZELC48232','CXC','95830165','Pesos','1',' ','C02074778','','2021','12','2021-12-11',NULL,'35.89','Nota Cargo','ZEL8835',NULL),
('209196619','MAVI','CXC','Nota Cargo','ZEL8835','CXC','95830166','Pesos','1',' ','C02074778','','2021','12','2021-12-11','35.89',NULL,'Nota Cargo','ZEL8835',NULL),
('203327955','MAVI','CXC','Cobro','ZCBC188188','CXC','93274849','Pesos','1',' ','C02074778','','2021','10','2021-10-15',NULL,'1.97','Documento','ZCB383384',NULL),
('203327954','MAVI','CXC','Cobro','ZCBC188188','CXC','93274849','Pesos','1',' ','C02074778','','2021','10','2021-10-15',NULL,'163.03','Documento','ZCB383383',NULL),
('203327953','MAVI','CXC','Nota Credito','ZCB47263','CXC','93274850','Pesos','1',' ','C02074778','','2021','10','2021-10-15',NULL,'28.77','Documento','ZCB383383',NULL),
('203327951','MAVI','CXC','Cobro','ZCBC188187','CXC','93274847','Pesos','1',' ','C02074778','','2021','10','2021-10-15',NULL,'1.98','Documento','ZCB378326',NULL),
('203327950','MAVI','CXC','Cobro','ZCBC188187','CXC','93274847','Pesos','1',' ','C02074778','','2021','10','2021-10-15',NULL,'371.02','Documento','ZCB378325',NULL),
('203327949','MAVI','CXC','Nota Credito','ZCB47262','CXC','93274848','Pesos','1',' ','C02074778','','2021','10','2021-10-15',NULL,'66.06','Documento','ZCB378325',NULL),
('201470396','MAVI','CXC','Documento','ZCB383387','CXC','92536773','PESOS','1',' ','C02074778','','2021','9','2021-09-27','191.80',NULL,'Documento','ZCB383387',NULL),
('201470395','MAVI','CXC','Documento','ZCB383387','CXC','92536773','PESOS','1',' ','C02074778','','2021','9','2021-09-27',NULL,'191.80','Factura','ZCBC17397',NULL),
('201470392','MAVI','CXC','Documento','ZCB383386','CXC','92536772','PESOS','1',' ','C02074778','','2021','9','2021-09-27','191.80',NULL,'Documento','ZCB383386',NULL),
('201470391','MAVI','CXC','Documento','ZCB383386','CXC','92536772','PESOS','1',' ','C02074778','','2021','9','2021-09-27',NULL,'191.80','Factura','ZCBC17397',NULL),
('201470390','MAVI','CXC','Documento','ZCB383385','CXC','92536771','PESOS','1',' ','C02074778','','2021','9','2021-09-27','191.80',NULL,'Documento','ZCB383385',NULL),
('201470389','MAVI','CXC','Documento','ZCB383385','CXC','92536771','PESOS','1',' ','C02074778','','2021','9','2021-09-27',NULL,'191.80','Factura','ZCBC17397',NULL),
('201470388','MAVI','CXC','Documento','ZCB383384','CXC','92536770','PESOS','1',' ','C02074778','','2021','9','2021-09-27','191.80',NULL,'Documento','ZCB383384',NULL),
('201470387','MAVI','CXC','Documento','ZCB383384','CXC','92536770','PESOS','1',' ','C02074778','','2021','9','2021-09-27',NULL,'191.80','Factura','ZCBC17397',NULL),
('201470386','MAVI','CXC','Documento','ZCB383383','CXC','92536768','PESOS','1',' ','C02074778','','2021','9','2021-09-27','191.80',NULL,'Documento','ZCB383383',NULL),
('201470385','MAVI','CXC','Documento','ZCB383383','CXC','92536768','PESOS','1',' ','C02074778','','2021','9','2021-09-27',NULL,'191.80','Factura','ZCBC17397',NULL),
('201470384','MAVI','CXC','Factura','ZCBC17397','CXC','92536767','PESOS','1',' ','C02074778','','2021','9','2021-09-27','959.00',NULL,'Factura','ZCBC17397',NULL),
('201470046','MAVI','CXC','Cobro','ZCBC186592','CXC','92536590','Pesos','1',' ','C02074778','','2021','9','2021-09-27',NULL,'3.32','Documento','ZCB378325',NULL),
('201470045','MAVI','CXC','Cobro','ZCBC186592','CXC','92536590','Pesos','1',' ','C02074778','','2021','9','2021-09-27',NULL,'372.68','Documento','ZCB378324',NULL),
('201470014','MAVI','CXC','Nota Credito','ZCB46791','CXC','92536592','Pesos','1',' ','C02074778','','2021','9','2021-09-27',NULL,'66.06','Documento','ZCB378324',NULL),
('198226326','MAVI','CXC','Documento','ZCB378327','CXC','91225046','PESOS','1',' ','C02074778','','2021','8','2021-08-26','440.40',NULL,'Documento','ZCB378327',NULL),
('198226325','MAVI','CXC','Documento','ZCB378327','CXC','91225046','PESOS','1',' ','C02074778','','2021','8','2021-08-26',NULL,'440.40','Factura','ZCBC17126',NULL),
('198226323','MAVI','CXC','Documento','ZCB378326','CXC','91225045','PESOS','1',' ','C02074778','','2021','8','2021-08-26','440.40',NULL,'Documento','ZCB378326',NULL),
('198226322','MAVI','CXC','Documento','ZCB378326','CXC','91225045','PESOS','1',' ','C02074778','','2021','8','2021-08-26',NULL,'440.40','Factura','ZCBC17126',NULL),
('198226321','MAVI','CXC','Documento','ZCB378325','CXC','91225044','PESOS','1',' ','C02074778','','2021','8','2021-08-26','440.40',NULL,'Documento','ZCB378325',NULL),
('198226320','MAVI','CXC','Documento','ZCB378325','CXC','91225044','PESOS','1',' ','C02074778','','2021','8','2021-08-26',NULL,'440.40','Factura','ZCBC17126',NULL),
('198226319','MAVI','CXC','Documento','ZCB378324','CXC','91225043','PESOS','1',' ','C02074778','','2021','8','2021-08-26','440.40',NULL,'Documento','ZCB378324',NULL),
('198226318','MAVI','CXC','Documento','ZCB378324','CXC','91225043','PESOS','1',' ','C02074778','','2021','8','2021-08-26',NULL,'440.40','Factura','ZCBC17126',NULL),
('198226313','MAVI','CXC','Documento','ZCB378323','CXC','91225041','PESOS','1',' ','C02074778','','2021','8','2021-08-26','440.40',NULL,'Documento','ZCB378323',NULL),
('198226312','MAVI','CXC','Documento','ZCB378323','CXC','91225041','PESOS','1',' ','C02074778','','2021','8','2021-08-26',NULL,'440.40','Factura','ZCBC17126',NULL),
('198226310','MAVI','CXC','Factura','ZCBC17126','CXC','91225039','PESOS','1',' ','C02074778','','2021','8','2021-08-26','2202.00',NULL,'Factura','ZCBC17126',NULL)


----------------------------------------------------------------------------------------------------------------------------------------------------------------------------------------------------------------------------------------------------------------
INSERT INTO MovCampoExtra(Modulo,Mov,ID,CampoExtra,Valor,ValorAnterior,Puntos,PuntosAnteriores) VALUES
('CXC','Nota Cargo','95830166','NC_FACTURA','Factura_ZCBC17126',NULL,NULL,NULL),
('CXC','Nota Cargo','95830168','NC_FACTURA','Factura_ZCBC17397',NULL,NULL,NULL)


------------------------------------------------------------------------------------------------------------------------------------------------------------------------------
INSERT INTO CteEnviarA(Cliente,ID,Categoria,SeccionCobranzaMavi) VALUES
('C02074778','76','ASOCIADOS','CREDITO MENUDEO')


----------------------------------------------------------------------------------------------------------------------------------------------------------------------------------------------------------------------------------------------------------------
INSERT INTO CxcMavi(ID,MaxDiasVencidosMAVI,MopAnteriorMAVI,MopMavi,MaxDiasInactivosMAVI,
DiasVencActMAVI,DiasInacActMAVI,MopActMAVI,Fecha1erIncumplimiento,FechaUltAbono) VALUES
('91225039','324','0','7','342','324','342','7','2021-11-02','2021-10-15'),
('92536767','309','0','7','326','309','326','7','2021-11-17','2021-10-31')


----------------------------------------------------------------------------------------------------------------------------------------------------------------------------------------------------------------------------------------------------------------
INSERT INTO MaviRecuperacion(Cliente,CanalVenta,IDMov,Documento,Numero,FechaUltimoCambio,
FechaVencimiento,SubTotal,IVA,Total,DiasInactivos,DiasVencidos,NivelCobranza,RutaCobranza,
AgenteCobrador,Quincena,Ejercicio,Calculado,Colonia,CodigoPostal,categoria,division,zona,AsigDiaria) VALUES
('C02074778','76','92536772','Documento','ZCB383386',NULL,'2021-12-02','165.34','26.46','191.80','46','14','DIM 106','PIE0106','SIN AGENTE','24','2021','0','EJIDO LOS MORENO','59386','ASOCIADOS','Sin Division','SIN ZONA',NULL),
('C02074778','76','91225046','Documento','ZCB378327',NULL,'2021-11-17','379.66','60.74','440.40','62','29','DIM 106','PIE0106','SIN AGENTE','24','2021','0','EJIDO LOS MORENO','59386','ASOCIADOS','Sin Division','SIN ZONA',NULL),
('C02074778','76','92536771','Documento','ZCB383385','2021-10-31','2021-11-17','165.34','26.46','191.80','46','29','DIM 106','PIE0106','SIN AGENTE','24','2021','0','EJIDO LOS MORENO','59386','ASOCIADOS','Sin Division','SIN ZONA',NULL),
('C02074778','76','91225045','Documento','ZCB378326','2021-10-15','2021-11-02','379.66','60.74','440.40','62','44','DIM 106','PIE0106','SIN AGENTE','24','2021','0','EJIDO LOS MORENO','59386','ASOCIADOS','Sin Division','SIN ZONA',NULL),
('C02074778','76','92536773','Documento','ZCB383387','2021-12-11','2021-12-17','165.34','26.46','191.80','2','2','DIM 106','PIE0106','SIN AGENTE','24','2021','0','EJIDO LOS MORENO','59386','ASOCIADOS','ZAMORA','SIN ZONA','1'),
('C02074778','76','92536772','Documento','ZCB383386','2021-12-11','2021-12-02','165.34','26.46','191.80','8','17','DIM 106','PIE0106','SIN AGENTE','24','2021','0','EJIDO LOS MORENO','59386','ASOCIADOS','ZAMORA','SIN ZONA','1'),
('C02074778','76','92536771','Documento','ZCB383385','2021-12-11','2021-11-17','165.34','26.46','191.80','8','32','DIM 106','PIE0106','SIN AGENTE','24','2021','0','EJIDO LOS MORENO','59386','ASOCIADOS','ZAMORA','SIN ZONA','1'),
('C02074778','76','92536771','Documento','ZCB383385','2021-10-31','2021-11-17','165.34','26.46','191.80','31','14','DIM 106','PIE0106','SIN AGENTE','23','2021','0','EJIDO LOS MORENO','59386','ASOCIADOS','Sin Division','SIN ZONA',NULL),
('C02074778','76','92536772','Documento','ZCB383386','2021-09-27','2021-12-02','165.34','26.46','191.80','2','2','DIM 106','PIE0106','SIN AGENTE','23','2021','0','EJIDO LOS MORENO','59386','ASOCIADOS','ZAMORA','SIN ZONA','1'),
('C02074778','76','92536771','Documento','ZCB383385','2021-10-31','2021-11-17','165.34','26.46','191.80','17','17','DIM 106','PIE0106','SIN AGENTE','23','2021','0','EJIDO LOS MORENO','59386','ASOCIADOS','ZAMORA','SIN ZONA','1'),
('C02074778','76','91225046','Documento','ZCB378327',NULL,'2021-11-17','379.66','60.74','440.40','47','14','DIM 106','PIE0106','SIN AGENTE','23','2021','0','EJIDO LOS MORENO','59386','ASOCIADOS','Sin Division','SIN ZONA',NULL),
('C02074778','76','91225045','Documento','ZCB378326','2021-10-15','2021-11-02','379.66','60.74','440.40','47','29','DIM 106','PIE0106','SIN AGENTE','23','2021','0','EJIDO LOS MORENO','59386','ASOCIADOS','Sin Division','SIN ZONA',NULL),
('C02074778','76','91225045','Documento','ZCB378326','2021-10-15','2021-11-02','379.66','60.74','440.40','32','14','SIN NIVEL POR DIVISION','PIE0106','SIN AGENTE','22','2021','0','EJIDO LOS MORENO','59386','ASOCIADOS','Sin Division','SIN ZONA',NULL),
('C02074778','76','92536771','Documento','ZCB383385','2021-10-31','2021-11-17','165.34','26.46','191.80','2','2','INTERMEDIA','PIE0106','SIN AGENTE','22','2021','0','EJIDO LOS MORENO','59386','ASOCIADOS','ZAMORA','INT ZAM1','1'),
('C02074778','76','91225046','Documento','ZCB378327','2021-08-26','2021-11-17','379.66','60.74','440.40','2','2','INTERMEDIA','PIE0106','SIN AGENTE','22','2021','0','EJIDO LOS MORENO','59386','ASOCIADOS','ZAMORA','INT ZAM1','1'),
('C02074778','76','91225045','Documento','ZCB378326','2021-10-15','2021-11-02','379.66','60.74','440.40','17','17','INTERMEDIA','PIE0106','SIN AGENTE','22','2021','0','EJIDO LOS MORENO','59386','ASOCIADOS','ZAMORA','INT ZAM1','1'),
('C02074778','76','91225045','Documento','ZCB378326','2021-10-15','2021-11-02','379.66','60.74','440.40','2','2','INTERMEDIA','PIE0106','E059302','21','2021','0','EJIDO LOS MORENO','59386','ASOCIADOS','ZAMORA','INT ZAM1','1'),
('C02074778','76','92536772','Documento','ZCB383386',NULL,'2021-12-02','165.34','26.46','191.80','320','288','DIM 206','PIE0106','SIN AGENTE','18','2022','0','EJIDO LOS MORENO','59386','ASOCIADOS','Sin Division','SIN ZONA',NULL),
('C02074778','76','92536773','Documento','ZCB383387',NULL,'2021-12-17','165.34','26.46','191.80','320','273','DIM 206','PIE0106','SIN AGENTE','18','2022','0','EJIDO LOS MORENO','59386','ASOCIADOS','Sin Division','SIN ZONA',NULL),
('C02074778','76','91225046','Documento','ZCB378327',NULL,'2021-11-17','379.66','60.74','440.40','336','303','DIM 206','PIE0106','SIN AGENTE','18','2022','0','EJIDO LOS MORENO','59386','ASOCIADOS','Sin Division','SIN ZONA',NULL),
('C02074778','76','92536771','Documento','ZCB383385','2021-10-31','2021-11-17','165.34','26.46','191.80','320','303','DIM 206','PIE0106','SIN AGENTE','18','2022','0','EJIDO LOS MORENO','59386','ASOCIADOS','Sin Division','SIN ZONA',NULL),
('C02074778','76','91225045','Documento','ZCB378326','2021-10-15','2021-11-02','379.66','60.74','440.40','336','318','DIM 206','PIE0106','SIN AGENTE','18','2022','0','EJIDO LOS MORENO','59386','ASOCIADOS','Sin Division','SIN ZONA',NULL),
('C02074778','76','91225046','Documento','ZCB378327',NULL,'2021-11-17','379.66','60.74','440.40','321','288','DIM 206','PIE0106','SIN AGENTE','17','2022','0','EJIDO LOS MORENO','59386','ASOCIADOS','Sin Division','SIN ZONA',NULL),
('C02074778','76','91225045','Documento','ZCB378326','2021-10-15','2021-11-02','379.66','60.74','440.40','321','303','DIM 206','PIE0106','SIN AGENTE','17','2022','0','EJIDO LOS MORENO','59386','ASOCIADOS','Sin Division','SIN ZONA',NULL),
('C02074778','76','92536773','Documento','ZCB383387',NULL,'2021-12-17','165.34','26.46','191.80','305','258','DIM 206','PIE0106','SIN AGENTE','17','2022','0','EJIDO LOS MORENO','59386','ASOCIADOS','Sin Division','SIN ZONA',NULL),
('C02074778','76','92536772','Documento','ZCB383386',NULL,'2021-12-02','165.34','26.46','191.80','305','273','DIM 206','PIE0106','SIN AGENTE','17','2022','0','EJIDO LOS MORENO','59386','ASOCIADOS','Sin Division','SIN ZONA',NULL),
('C02074778','76','92536771','Documento','ZCB383385','2021-10-31','2021-11-17','165.34','26.46','191.80','305','288','DIM 206','PIE0106','SIN AGENTE','17','2022','0','EJIDO LOS MORENO','59386','ASOCIADOS','Sin Division','SIN ZONA',NULL),
('C02074778','76','91225045','Documento','ZCB378326','2021-10-15','2021-11-02','379.66','60.74','440.40','305','287','DIM 206','PIE0106','SIN AGENTE','16','2022','0','EJIDO LOS MORENO','59386','ASOCIADOS','Sin Division','SIN ZONA',NULL),
('C02074778','76','92536772','Documento','ZCB383386',NULL,'2021-12-02','165.34','26.46','191.80','289','257','DIM 206','PIE0106','SIN AGENTE','16','2022','0','EJIDO LOS MORENO','59386','ASOCIADOS','Sin Division','SIN ZONA',NULL),
('C02074778','76','92536773','Documento','ZCB383387',NULL,'2021-12-17','165.34','26.46','191.80','289','242','DIM 206','PIE0106','SIN AGENTE','16','2022','0','EJIDO LOS MORENO','59386','ASOCIADOS','Sin Division','SIN ZONA',NULL),
('C02074778','76','92536771','Documento','ZCB383385','2021-10-31','2021-11-17','165.34','26.46','191.80','289','272','DIM 206','PIE0106','SIN AGENTE','16','2022','0','EJIDO LOS MORENO','59386','ASOCIADOS','Sin Division','SIN ZONA',NULL),
('C02074778','76','91225046','Documento','ZCB378327',NULL,'2021-11-17','379.66','60.74','440.40','305','272','DIM 206','PIE0106','SIN AGENTE','16','2022','0','EJIDO LOS MORENO','59386','ASOCIADOS','Sin Division','SIN ZONA',NULL),
('C02074778','76','91225046','Documento','ZCB378327',NULL,'2021-11-17','379.66','60.74','440.40','290','257','DIM 206','PIE0106','SIN AGENTE','15','2022','0','EJIDO LOS MORENO','59386','ASOCIADOS','Sin Division','SIN ZONA',NULL),
('C02074778','76','92536773','Documento','ZCB383387',NULL,'2021-12-17','165.34','26.46','191.80','274','227','DIM 206','PIE0106','SIN AGENTE','15','2022','0','EJIDO LOS MORENO','59386','ASOCIADOS','Sin Division','SIN ZONA',NULL),
('C02074778','76','92536771','Documento','ZCB383385','2021-10-31','2021-11-17','165.34','26.46','191.80','274','257','DIM 206','PIE0106','SIN AGENTE','15','2022','0','EJIDO LOS MORENO','59386','ASOCIADOS','Sin Division','SIN ZONA',NULL),
('C02074778','76','91225045','Documento','ZCB378326','2021-10-15','2021-11-02','379.66','60.74','440.40','290','272','DIM 206','PIE0106','SIN AGENTE','15','2022','0','EJIDO LOS MORENO','59386','ASOCIADOS','Sin Division','SIN ZONA',NULL),
('C02074778','76','92536772','Documento','ZCB383386',NULL,'2021-12-02','165.34','26.46','191.80','274','242','DIM 206','PIE0106','SIN AGENTE','15','2022','0','EJIDO LOS MORENO','59386','ASOCIADOS','Sin Division','SIN ZONA',NULL),
('C02074778','76','92536771','Documento','ZCB383385','2021-10-31','2021-11-17','165.34','26.46','191.80','258','241','DIM 206','PIE0106','SIN AGENTE','14','2022','0','EJIDO LOS MORENO','59386','ASOCIADOS','Sin Division','SIN ZONA',NULL),
('C02074778','76','92536772','Documento','ZCB383386',NULL,'2021-12-02','165.34','26.46','191.80','258','226','DIM 206','PIE0106','SIN AGENTE','14','2022','0','EJIDO LOS MORENO','59386','ASOCIADOS','Sin Division','SIN ZONA',NULL),
('C02074778','76','91225046','Documento','ZCB378327',NULL,'2021-11-17','379.66','60.74','440.40','274','241','DIM 206','PIE0106','SIN AGENTE','14','2022','0','EJIDO LOS MORENO','59386','ASOCIADOS','Sin Division','SIN ZONA',NULL),
('C02074778','76','92536773','Documento','ZCB383387',NULL,'2021-12-17','165.34','26.46','191.80','258','211','DIM 206','PIE0106','SIN AGENTE','14','2022','0','EJIDO LOS MORENO','59386','ASOCIADOS','Sin Division','SIN ZONA',NULL),
('C02074778','76','91225045','Documento','ZCB378326','2021-10-15','2021-11-02','379.66','60.74','440.40','274','256','DIM 206','PIE0106','SIN AGENTE','14','2022','0','EJIDO LOS MORENO','59386','ASOCIADOS','Sin Division','SIN ZONA',NULL),
('C02074778','76','92536773','Documento','ZCB383387',NULL,'2021-12-17','165.34','26.46','191.80','243','196','DIM 206','PIE0106','SIN AGENTE','13','2022','0','EJIDO LOS MORENO','59386','ASOCIADOS','Sin Division','SIN ZONA',NULL),
('C02074778','76','92536772','Documento','ZCB383386',NULL,'2021-12-02','165.34','26.46','191.80','243','211','DIM 206','PIE0106','SIN AGENTE','13','2022','0','EJIDO LOS MORENO','59386','ASOCIADOS','Sin Division','SIN ZONA',NULL),
('C02074778','76','91225046','Documento','ZCB378327',NULL,'2021-11-17','379.66','60.74','440.40','259','226','DIM 206','PIE0106','SIN AGENTE','13','2022','0','EJIDO LOS MORENO','59386','ASOCIADOS','Sin Division','SIN ZONA',NULL),
('C02074778','76','91225045','Documento','ZCB378326','2021-10-15','2021-11-02','379.66','60.74','440.40','259','241','DIM 206','PIE0106','SIN AGENTE','13','2022','0','EJIDO LOS MORENO','59386','ASOCIADOS','Sin Division','SIN ZONA',NULL),
('C02074778','76','92536771','Documento','ZCB383385','2021-10-31','2021-11-17','165.34','26.46','191.80','243','226','DIM 206','PIE0106','SIN AGENTE','13','2022','0','EJIDO LOS MORENO','59386','ASOCIADOS','Sin Division','SIN ZONA',NULL),
('C02074778','76','92536773','Documento','ZCB383387',NULL,'2021-12-17','165.34','26.46','191.80','228','181','DIM 206','PIE0106','SIN AGENTE','12','2022','0','EJIDO LOS MORENO','59386','ASOCIADOS','Sin Division','SIN ZONA',NULL),
('C02074778','76','91225045','Documento','ZCB378326','2021-10-15','2021-11-02','379.66','60.74','440.40','244','226','DIM 206','PIE0106','SIN AGENTE','12','2022','0','EJIDO LOS MORENO','59386','ASOCIADOS','Sin Division','SIN ZONA',NULL),
('C02074778','76','92536771','Documento','ZCB383385','2021-10-31','2021-11-17','165.34','26.46','191.80','228','211','DIM 206','PIE0106','SIN AGENTE','12','2022','0','EJIDO LOS MORENO','59386','ASOCIADOS','Sin Division','SIN ZONA',NULL),
('C02074778','76','91225046','Documento','ZCB378327',NULL,'2021-11-17','379.66','60.74','440.40','244','211','DIM 206','PIE0106','SIN AGENTE','12','2022','0','EJIDO LOS MORENO','59386','ASOCIADOS','Sin Division','SIN ZONA',NULL),
('C02074778','76','92536772','Documento','ZCB383386',NULL,'2021-12-02','165.34','26.46','191.80','228','196','DIM 206','PIE0106','SIN AGENTE','12','2022','0','EJIDO LOS MORENO','59386','ASOCIADOS','Sin Division','SIN ZONA',NULL),
('C02074778','76','92536772','Documento','ZCB383386',NULL,'2021-12-02','165.34','26.46','191.80','213','181','DIM 206','PIE0106','SIN AGENTE','11','2022','0','EJIDO LOS MORENO','59386','ASOCIADOS','Sin Division','SIN ZONA',NULL),
('C02074778','76','92536771','Documento','ZCB383385','2021-10-31','2021-11-17','165.34','26.46','191.80','213','196','DIM 206','PIE0106','SIN AGENTE','11','2022','0','EJIDO LOS MORENO','59386','ASOCIADOS','Sin Division','SIN ZONA',NULL),
('C02074778','76','91225046','Documento','ZCB378327',NULL,'2021-11-17','379.66','60.74','440.40','229','196','DIM 206','PIE0106','SIN AGENTE','11','2022','0','EJIDO LOS MORENO','59386','ASOCIADOS','Sin Division','SIN ZONA',NULL),
('C02074778','76','91225045','Documento','ZCB378326','2021-10-15','2021-11-02','379.66','60.74','440.40','229','211','DIM 206','PIE0106','SIN AGENTE','11','2022','0','EJIDO LOS MORENO','59386','ASOCIADOS','Sin Division','SIN ZONA',NULL),
('C02074778','76','92536773','Documento','ZCB383387',NULL,'2021-12-17','165.34','26.46','191.80','213','166','DIM 206','PIE0106','SIN AGENTE','11','2022','0','EJIDO LOS MORENO','59386','ASOCIADOS','Sin Division','SIN ZONA',NULL),
('C02074778','76','91225045','Documento','ZCB378326','2021-10-15','2021-11-02','379.66','60.74','440.40','213','195','DIM 206','PIE0106','SIN AGENTE','10','2022','0','EJIDO LOS MORENO','59386','ASOCIADOS','Sin Division','SIN ZONA',NULL),
('C02074778','76','92536772','Documento','ZCB383386',NULL,'2021-12-02','165.34','26.46','191.80','197','165','DIM 206','PIE0106','SIN AGENTE','10','2022','0','EJIDO LOS MORENO','59386','ASOCIADOS','Sin Division','SIN ZONA',NULL),
('C02074778','76','92536773','Documento','ZCB383387',NULL,'2021-12-17','165.34','26.46','191.80','197','150','DIM 206','PIE0106','SIN AGENTE','10','2022','0','EJIDO LOS MORENO','59386','ASOCIADOS','Sin Division','SIN ZONA',NULL),
('C02074778','76','91225046','Documento','ZCB378327',NULL,'2021-11-17','379.66','60.74','440.40','213','180','DIM 206','PIE0106','SIN AGENTE','10','2022','0','EJIDO LOS MORENO','59386','ASOCIADOS','Sin Division','SIN ZONA',NULL),
('C02074778','76','92536771','Documento','ZCB383385','2021-10-31','2021-11-17','165.34','26.46','191.80','197','180','DIM 206','PIE0106','SIN AGENTE','10','2022','0','EJIDO LOS MORENO','59386','ASOCIADOS','Sin Division','SIN ZONA',NULL),
('C02074778','76','91225045','Documento','ZCB378326','2021-10-15','2021-11-02','379.66','60.74','440.40','198','180','DIM 201','PIE0106','SIN AGENTE','9','2022','0','EJIDO LOS MORENO','59386','ASOCIADOS','Sin Division','SIN ZONA',NULL),
('C02074778','76','92536772','Documento','ZCB383386',NULL,'2021-12-02','165.34','26.46','191.80','182','150','DIM 201','PIE0106','SIN AGENTE','9','2022','0','EJIDO LOS MORENO','59386','ASOCIADOS','Sin Division','SIN ZONA',NULL),
('C02074778','76','92536773','Documento','ZCB383387',NULL,'2021-12-17','165.34','26.46','191.80','182','135','DIM 201','PIE0106','SIN AGENTE','9','2022','0','EJIDO LOS MORENO','59386','ASOCIADOS','Sin Division','SIN ZONA',NULL),
('C02074778','76','92536771','Documento','ZCB383385','2021-10-31','2021-11-17','165.34','26.46','191.80','182','165','DIM 201','PIE0106','SIN AGENTE','9','2022','0','EJIDO LOS MORENO','59386','ASOCIADOS','Sin Division','SIN ZONA',NULL),
('C02074778','76','91225046','Documento','ZCB378327',NULL,'2021-11-17','379.66','60.74','440.40','198','165','DIM 201','PIE0106','SIN AGENTE','9','2022','0','EJIDO LOS MORENO','59386','ASOCIADOS','Sin Division','SIN ZONA',NULL),
('C02074778','76','92536772','Documento','ZCB383386',NULL,'2021-12-02','165.34','26.46','191.80','167','135','DIM 201','PIE0106','SIN AGENTE','8','2022','0','EJIDO LOS MORENO','59386','ASOCIADOS','Sin Division','SIN ZONA',NULL),
('C02074778','76','92536771','Documento','ZCB383385','2021-10-31','2021-11-17','165.34','26.46','191.80','167','150','DIM 201','PIE0106','SIN AGENTE','8','2022','0','EJIDO LOS MORENO','59386','ASOCIADOS','Sin Division','SIN ZONA',NULL),
('C02074778','76','91225045','Documento','ZCB378326','2021-10-15','2021-11-02','379.66','60.74','440.40','183','165','DIM 201','PIE0106','SIN AGENTE','8','2022','0','EJIDO LOS MORENO','59386','ASOCIADOS','Sin Division','SIN ZONA',NULL),
('C02074778','76','92536773','Documento','ZCB383387',NULL,'2021-12-17','165.34','26.46','191.80','167','120','DIM 201','PIE0106','SIN AGENTE','8','2022','0','EJIDO LOS MORENO','59386','ASOCIADOS','Sin Division','SIN ZONA',NULL),
('C02074778','76','91225046','Documento','ZCB378327',NULL,'2021-11-17','379.66','60.74','440.40','183','150','DIM 201','PIE0106','SIN AGENTE','8','2022','0','EJIDO LOS MORENO','59386','ASOCIADOS','Sin Division','SIN ZONA',NULL),
('C02074778','76','92536771','Documento','ZCB383385','2021-10-31','2021-11-17','165.34','26.46','191.80','152','135','DIM 201','PIE0106','SIN AGENTE','7','2022','0','EJIDO LOS MORENO','59386','ASOCIADOS','Sin Division','SIN ZONA',NULL),
('C02074778','76','92536773','Documento','ZCB383387',NULL,'2021-12-17','165.34','26.46','191.80','152','105','DIM 201','PIE0106','SIN AGENTE','7','2022','0','EJIDO LOS MORENO','59386','ASOCIADOS','Sin Division','SIN ZONA',NULL),
('C02074778','76','91225045','Documento','ZCB378326','2021-10-15','2021-11-02','379.66','60.74','440.40','168','150','DIM 201','PIE0106','SIN AGENTE','7','2022','0','EJIDO LOS MORENO','59386','ASOCIADOS','Sin Division','SIN ZONA',NULL),
('C02074778','76','92536772','Documento','ZCB383386',NULL,'2021-12-02','165.34','26.46','191.80','152','120','DIM 201','PIE0106','SIN AGENTE','7','2022','0','EJIDO LOS MORENO','59386','ASOCIADOS','Sin Division','SIN ZONA',NULL),
('C02074778','76','91225046','Documento','ZCB378327',NULL,'2021-11-17','379.66','60.74','440.40','168','135','DIM 201','PIE0106','SIN AGENTE','7','2022','0','EJIDO LOS MORENO','59386','ASOCIADOS','Sin Division','SIN ZONA',NULL),
('C02074778','76','92536773','Documento','ZCB383387',NULL,'2021-12-17','165.34','26.46','191.80','136','89','DIM 201','PIE0106','SIN AGENTE','6','2022','0','EJIDO LOS MORENO','59386','ASOCIADOS','Sin Division','SIN ZONA',NULL),
('C02074778','76','91225045','Documento','ZCB378326','2021-10-15','2021-11-02','379.66','60.74','440.40','152','134','DIM 201','PIE0106','SIN AGENTE','6','2022','0','EJIDO LOS MORENO','59386','ASOCIADOS','Sin Division','SIN ZONA',NULL),
('C02074778','76','92536771','Documento','ZCB383385','2021-10-31','2021-11-17','165.34','26.46','191.80','136','119','DIM 201','PIE0106','SIN AGENTE','6','2022','0','EJIDO LOS MORENO','59386','ASOCIADOS','Sin Division','SIN ZONA',NULL),
('C02074778','76','91225046','Documento','ZCB378327',NULL,'2021-11-17','379.66','60.74','440.40','152','119','DIM 201','PIE0106','SIN AGENTE','6','2022','0','EJIDO LOS MORENO','59386','ASOCIADOS','Sin Division','SIN ZONA',NULL),
('C02074778','76','92536772','Documento','ZCB383386',NULL,'2021-12-02','165.34','26.46','191.80','136','104','DIM 201','PIE0106','SIN AGENTE','6','2022','0','EJIDO LOS MORENO','59386','ASOCIADOS','Sin Division','SIN ZONA',NULL),
('C02074778','76','92536773','Documento','ZCB383387',NULL,'2021-12-17','165.34','26.46','191.80','121','74','DIM 201','PIE0106','SIN AGENTE','5','2022','0','EJIDO LOS MORENO','59386','ASOCIADOS','Sin Division','SIN ZONA',NULL),
('C02074778','76','92536772','Documento','ZCB383386',NULL,'2021-12-02','165.34','26.46','191.80','121','89','DIM 201','PIE0106','SIN AGENTE','5','2022','0','EJIDO LOS MORENO','59386','ASOCIADOS','Sin Division','SIN ZONA',NULL),
('C02074778','76','91225046','Documento','ZCB378327',NULL,'2021-11-17','379.66','60.74','440.40','137','104','DIM 201','PIE0106','SIN AGENTE','5','2022','0','EJIDO LOS MORENO','59386','ASOCIADOS','Sin Division','SIN ZONA',NULL),
('C02074778','76','91225045','Documento','ZCB378326','2021-10-15','2021-11-02','379.66','60.74','440.40','137','119','DIM 201','PIE0106','SIN AGENTE','5','2022','0','EJIDO LOS MORENO','59386','ASOCIADOS','Sin Division','SIN ZONA',NULL),
('C02074778','76','92536771','Documento','ZCB383385','2021-10-31','2021-11-17','165.34','26.46','191.80','121','104','DIM 201','PIE0106','SIN AGENTE','5','2022','0','EJIDO LOS MORENO','59386','ASOCIADOS','Sin Division','SIN ZONA',NULL),
('C02074778','76','92536772','Documento','ZCB383386',NULL,'2021-12-02','165.34','26.46','191.80','108','76','DIM 106','PIE0106','SIN AGENTE','4','2022','0','EJIDO LOS MORENO','59386','ASOCIADOS','Sin Division','SIN ZONA',NULL),
('C02074778','76','92536771','Documento','ZCB383385','2021-10-31','2021-11-17','165.34','26.46','191.80','108','91','DIM 106','PIE0106','SIN AGENTE','4','2022','0','EJIDO LOS MORENO','59386','ASOCIADOS','Sin Division','SIN ZONA',NULL),
('C02074778','76','91225046','Documento','ZCB378327',NULL,'2021-11-17','379.66','60.74','440.40','124','91','DIM 106','PIE0106','SIN AGENTE','4','2022','0','EJIDO LOS MORENO','59386','ASOCIADOS','Sin Division','SIN ZONA',NULL),
('C02074778','76','92536773','Documento','ZCB383387',NULL,'2021-12-17','165.34','26.46','191.80','108','61','DIM 106','PIE0106','SIN AGENTE','4','2022','0','EJIDO LOS MORENO','59386','ASOCIADOS','Sin Division','SIN ZONA',NULL),
('C02074778','76','91225045','Documento','ZCB378326','2021-10-15','2021-11-02','379.66','60.74','440.40','124','106','DIM 106','PIE0106','SIN AGENTE','4','2022','0','EJIDO LOS MORENO','59386','ASOCIADOS','Sin Division','SIN ZONA',NULL),
('C02074778','76','91225045','Documento','ZCB378326','2021-10-15','2021-11-02','379.66','60.74','440.40','109','91','DIM 106','PIE0106','SIN AGENTE','3','2022','0','EJIDO LOS MORENO','59386','ASOCIADOS','Sin Division','SIN ZONA',NULL),
('C02074778','76','92536772','Documento','ZCB383386',NULL,'2021-12-02','165.34','26.46','191.80','93','61','DIM 106','PIE0106','SIN AGENTE','3','2022','0','EJIDO LOS MORENO','59386','ASOCIADOS','Sin Division','SIN ZONA',NULL),
('C02074778','76','92536771','Documento','ZCB383385','2021-10-31','2021-11-17','165.34','26.46','191.80','93','76','DIM 106','PIE0106','SIN AGENTE','3','2022','0','EJIDO LOS MORENO','59386','ASOCIADOS','Sin Division','SIN ZONA',NULL),
('C02074778','76','91225046','Documento','ZCB378327',NULL,'2021-11-17','379.66','60.74','440.40','109','76','DIM 106','PIE0106','SIN AGENTE','3','2022','0','EJIDO LOS MORENO','59386','ASOCIADOS','Sin Division','SIN ZONA',NULL),
('C02074778','76','92536773','Documento','ZCB383387',NULL,'2021-12-17','165.34','26.46','191.80','77','30','DIM 106','PIE0106','SIN AGENTE','2','2022','0','EJIDO LOS MORENO','59386','ASOCIADOS','Sin Division','SIN ZONA',NULL),
('C02074778','76','92536772','Documento','ZCB383386',NULL,'2021-12-02','165.34','26.46','191.80','77','45','DIM 106','PIE0106','SIN AGENTE','2','2022','0','EJIDO LOS MORENO','59386','ASOCIADOS','Sin Division','SIN ZONA',NULL),
('C02074778','76','91225045','Documento','ZCB378326','2021-10-15','2021-11-02','379.66','60.74','440.40','93','75','DIM 106','PIE0106','SIN AGENTE','2','2022','0','EJIDO LOS MORENO','59386','ASOCIADOS','Sin Division','SIN ZONA',NULL),
('C02074778','76','92536771','Documento','ZCB383385','2021-10-31','2021-11-17','165.34','26.46','191.80','77','60','DIM 106','PIE0106','SIN AGENTE','2','2022','0','EJIDO LOS MORENO','59386','ASOCIADOS','Sin Division','SIN ZONA',NULL),
('C02074778','76','91225046','Documento','ZCB378327',NULL,'2021-11-17','379.66','60.74','440.40','93','60','DIM 106','PIE0106','SIN AGENTE','2','2022','0','EJIDO LOS MORENO','59386','ASOCIADOS','Sin Division','SIN ZONA',NULL),
('C02074778','76','92536771','Documento','ZCB383385','2021-10-31','2021-11-17','165.34','26.46','191.80','62','45','DIM 106','PIE0106','SIN AGENTE','1','2022','0','EJIDO LOS MORENO','59386','ASOCIADOS','Sin Division','SIN ZONA',NULL),
('C02074778','76','91225045','Documento','ZCB378326','2021-10-15','2021-11-02','379.66','60.74','440.40','78','60','DIM 106','PIE0106','SIN AGENTE','1','2022','0','EJIDO LOS MORENO','59386','ASOCIADOS','Sin Division','SIN ZONA',NULL),
('C02074778','76','91225046','Documento','ZCB378327',NULL,'2021-11-17','379.66','60.74','440.40','78','45','DIM 106','PIE0106','SIN AGENTE','1','2022','0','EJIDO LOS MORENO','59386','ASOCIADOS','Sin Division','SIN ZONA',NULL),
('C02074778','76','92536773','Documento','ZCB383387',NULL,'2021-12-17','165.34','26.46','191.80','62','15','DIM 106','PIE0106','SIN AGENTE','1','2022','0','EJIDO LOS MORENO','59386','ASOCIADOS','Sin Division','SIN ZONA',NULL),
('C02074778','76','92536772','Documento','ZCB383386',NULL,'2021-12-02','165.34','26.46','191.80','62','30','DIM 106','PIE0106','SIN AGENTE','1','2022','0','EJIDO LOS MORENO','59386','ASOCIADOS','Sin Division','SIN ZONA',NULL),
('C02074778','76','92536773','Documento','ZCB383387',NULL,'2021-12-17','165.34','26.46','191.80','93','46','DIM 106','PIE0106','SIN AGENTE','3','2022','0','EJIDO LOS MORENO','59386','ASOCIADOS','Sin Division','SIN ZONA',NULL)




----------------------------------------------------------------------------------------------------------------------------------------------------------------------------------------------------------------------------------------------------------------
INSERT INTO CxcD(ID,Renglon,RenglonSub,Importe,Aplica,AplicaID,Fecha,FechaAnterior,
Comision,InteresesOrdinarios,InteresesOrdinariosQuita,InteresesMoratorios,InteresesMoratoriosQuita,
ImpuestoAdicional,OtrosCargos,Retencion,Ligado,Sucursal,LigadoDR,EsReferencia,Logico1,
DescuentoRecargos,SucursalOrigen,Retencion2,Retencion3,InteresesOrdinariosIVA,
InteresesOrdinariosTasaDia,InteresesOrdinariosTasaRealDia,InteresesMoratoriosIVA,
InteresesMoratoriosTasaDia,InteresesMoratoriosTasaRealDia,InteresesOrdinariosIVADescInfl) VALUES
('93274850','1024','0','28.77','Documento','ZCB383383',NULL,NULL,NULL,NULL,NULL,NULL,NULL,NULL,NULL,NULL,'0','55','0','0','0',NULL,'55',NULL,NULL,NULL,NULL,NULL,NULL,NULL,NULL,NULL),
('93274849','1024','0','163.03','Documento','ZCB383383',NULL,NULL,NULL,'0.00',NULL,'0.00',NULL,'0',NULL,NULL,'0','55','0','0','0',NULL,'0',NULL,NULL,NULL,NULL,NULL,NULL,NULL,NULL,NULL),
('93274849','2048','0','1.97','Documento','ZCB383384',NULL,NULL,NULL,'0.00',NULL,'0.00',NULL,'0',NULL,NULL,'0','55','0','0','0',NULL,'0',NULL,NULL,NULL,NULL,NULL,NULL,NULL,NULL,NULL),
('93274848','1024','0','66.06','Documento','ZCB378325',NULL,NULL,NULL,NULL,NULL,NULL,NULL,NULL,NULL,NULL,'0','55','0','0','0',NULL,'55',NULL,NULL,NULL,NULL,NULL,NULL,NULL,NULL,NULL),
('93274847','1024','0','371.02','Documento','ZCB378325',NULL,NULL,NULL,'0.00',NULL,'0.00',NULL,'0',NULL,NULL,'0','55','0','0','0',NULL,'0',NULL,NULL,NULL,NULL,NULL,NULL,NULL,NULL,NULL),
('93274847','2048','0','1.98','Documento','ZCB378326',NULL,NULL,NULL,'0.00',NULL,'0.00',NULL,'0',NULL,NULL,'0','55','0','0','0',NULL,'0',NULL,NULL,NULL,NULL,NULL,NULL,NULL,NULL,NULL),
('92536592','1024','0','66.06','Documento','ZCB378324',NULL,NULL,NULL,NULL,NULL,NULL,NULL,NULL,NULL,NULL,'0','55','0','0','0',NULL,'55',NULL,NULL,NULL,NULL,NULL,NULL,NULL,NULL,NULL),
('92536590','1024','0','372.68','Documento','ZCB378324',NULL,NULL,NULL,'0.00',NULL,'0.00',NULL,'0',NULL,NULL,'0','55','0','0','0',NULL,'0',NULL,NULL,NULL,NULL,NULL,NULL,NULL,NULL,NULL),
('92536590','2048','0','3.32','Documento','ZCB378325',NULL,NULL,NULL,'0.00',NULL,'0.00',NULL,'0',NULL,NULL,'0','55','0','0','0',NULL,'0',NULL,NULL,NULL,NULL,NULL,NULL,NULL,NULL,NULL),
('92152526','1024','0','66.06','Documento','ZCB378323',NULL,NULL,NULL,NULL,NULL,NULL,NULL,NULL,NULL,NULL,'0','55','0','0','0',NULL,'55',NULL,NULL,NULL,NULL,NULL,NULL,NULL,NULL,NULL),
('92152524','1024','0','374.34','Documento','ZCB378323',NULL,NULL,NULL,'0.00',NULL,'0.00',NULL,'0',NULL,NULL,'0','55','0','0','0',NULL,'0',NULL,NULL,NULL,NULL,NULL,NULL,NULL,NULL,NULL),
('92152524','2048','0','1.66','Documento','ZCB378324',NULL,NULL,NULL,'0.00',NULL,'0.00',NULL,'0',NULL,NULL,'0','55','0','0','0',NULL,'0',NULL,NULL,NULL,NULL,NULL,NULL,NULL,NULL,NULL),
('91225046','2048','0','440.40','Factura','ZCBC17126',NULL,NULL,NULL,NULL,NULL,NULL,NULL,NULL,NULL,NULL,'0','55','0','0','0',NULL,'0',NULL,NULL,NULL,NULL,NULL,NULL,NULL,NULL,NULL),
('91225045','2048','0','440.40','Factura','ZCBC17126',NULL,NULL,NULL,NULL,NULL,NULL,NULL,NULL,NULL,NULL,'0','55','0','0','0',NULL,'0',NULL,NULL,NULL,NULL,NULL,NULL,NULL,NULL,NULL),
('91225044','2048','0','440.40','Factura','ZCBC17126',NULL,NULL,NULL,NULL,NULL,NULL,NULL,NULL,NULL,NULL,'0','55','0','0','0',NULL,'0',NULL,NULL,NULL,NULL,NULL,NULL,NULL,NULL,NULL),
('91225043','2048','0','440.40','Factura','ZCBC17126',NULL,NULL,NULL,NULL,NULL,NULL,NULL,NULL,NULL,NULL,'0','55','0','0','0',NULL,'0',NULL,NULL,NULL,NULL,NULL,NULL,NULL,NULL,NULL),
('91225041','2048','0','440.40','Factura','ZCBC17126',NULL,NULL,NULL,NULL,NULL,NULL,NULL,NULL,NULL,NULL,'0','55','0','0','0',NULL,'0',NULL,NULL,NULL,NULL,NULL,NULL,NULL,NULL,NULL),
('95830167','1024','0','6.45','Nota Cargo','ZEL8836',NULL,NULL,NULL,'0.00',NULL,'0.00',NULL,'0',NULL,NULL,'0','76','0','0','0',NULL,'0',NULL,NULL,NULL,NULL,NULL,NULL,NULL,NULL,NULL),
('95830167','2048','0','154.86','Documento','ZCB383385',NULL,NULL,NULL,'0.00',NULL,'0.00',NULL,'0',NULL,NULL,'0','76','0','0','0',NULL,'0',NULL,NULL,NULL,NULL,NULL,NULL,NULL,NULL,NULL),
('95830167','3072','0','191.80','Documento','ZCB383386',NULL,NULL,NULL,'0.00',NULL,'0.00',NULL,'0',NULL,NULL,'0','76','0','0','0',NULL,'0',NULL,NULL,NULL,NULL,NULL,NULL,NULL,NULL,NULL),
('95830167','4096','0','0.89','Documento','ZCB383387',NULL,NULL,NULL,'0.00',NULL,'0.00',NULL,'0',NULL,NULL,'0','76','0','0','0',NULL,'0',NULL,NULL,NULL,NULL,NULL,NULL,NULL,NULL,NULL),
('95830165','1024','0','35.89','Nota Cargo','ZEL8835',NULL,NULL,NULL,'0.00',NULL,'0.00',NULL,'0',NULL,NULL,'0','76','0','0','0',NULL,'0',NULL,NULL,NULL,NULL,NULL,NULL,NULL,NULL,NULL),
('95830165','2048','0','438.42','Documento','ZCB378326',NULL,NULL,NULL,'0.00',NULL,'0.00',NULL,'0',NULL,NULL,'0','76','0','0','0',NULL,'0',NULL,NULL,NULL,NULL,NULL,NULL,NULL,NULL,NULL),
('95830165','3072','0','440.40','Documento','ZCB378327',NULL,NULL,NULL,'0.00',NULL,'0.00',NULL,'0',NULL,NULL,'0','76','0','0','0',NULL,'0',NULL,NULL,NULL,NULL,NULL,NULL,NULL,NULL,NULL),
('92536773','2048','0','191.80','Factura','ZCBC17397',NULL,NULL,NULL,NULL,NULL,NULL,NULL,NULL,NULL,NULL,'0','55','0','0','0',NULL,'0',NULL,NULL,NULL,NULL,NULL,NULL,NULL,NULL,NULL),
('92536772','2048','0','191.80','Factura','ZCBC17397',NULL,NULL,NULL,NULL,NULL,NULL,NULL,NULL,NULL,NULL,'0','55','0','0','0',NULL,'0',NULL,NULL,NULL,NULL,NULL,NULL,NULL,NULL,NULL),
('92536771','2048','0','191.80','Factura','ZCBC17397',NULL,NULL,NULL,NULL,NULL,NULL,NULL,NULL,NULL,NULL,'0','55','0','0','0',NULL,'0',NULL,NULL,NULL,NULL,NULL,NULL,NULL,NULL,NULL),
('92536770','2048','0','191.80','Factura','ZCBC17397',NULL,NULL,NULL,NULL,NULL,NULL,NULL,NULL,NULL,NULL,'0','55','0','0','0',NULL,'0',NULL,NULL,NULL,NULL,NULL,NULL,NULL,NULL,NULL),
('92536768','2048','0','191.80','Factura','ZCBC17397',NULL,NULL,NULL,NULL,NULL,NULL,NULL,NULL,NULL,NULL,'0','55','0','0','0',NULL,'0',NULL,NULL,NULL,NULL,NULL,NULL,NULL,NULL,NULL),
('93950478','1024','0','28.77','Documento','ZCB383384',NULL,NULL,NULL,NULL,NULL,NULL,NULL,NULL,NULL,NULL,'0','55','0','0','0',NULL,'55',NULL,NULL,NULL,NULL,NULL,NULL,NULL,NULL,NULL),
('93950476','1024','0','161.06','Documento','ZCB383384',NULL,NULL,NULL,'0.00',NULL,'0.00',NULL,'0',NULL,NULL,'0','55','0','0','0',NULL,'0',NULL,NULL,NULL,NULL,NULL,NULL,NULL,NULL,NULL),
('93950476','2048','0','36.94','Documento','ZCB383385',NULL,NULL,NULL,'0.00',NULL,'0.00',NULL,'0',NULL,NULL,'0','55','0','0','0',NULL,'0',NULL,NULL,NULL,NULL,NULL,NULL,NULL,NULL,NULL)




---------------------------------------------------------------------------------------------------------------------------------
INSERT INTO Cte_Final(ClienteF,Nombre,ApellidoPaterno,ApellidoMaterno,Estatus,Usuario) VALUES
('F00057773','Nombre test3','ApellidoPaterno test3','ApellidoMaterno test3','Alta','E057915'),
('F00057773','Nombre test3','ApellidoPaterno test3','ApellidoMaterno test3','Alta','E057915'),
('F00057773','Nombre test3','ApellidoPaterno test3','ApellidoMaterno test3','Alta','E057915'),
('F00057773','Nombre test3','ApellidoPaterno test3','ApellidoMaterno test3','Alta','E057915'),
('F00057773','Nombre test3','ApellidoPaterno test3','ApellidoMaterno test3','Alta','E057915'),
('F00057773','Nombre test3','ApellidoPaterno test3','ApellidoMaterno test3','Alta','E057915'),
('F00057773','Nombre test3','ApellidoPaterno test3','ApellidoMaterno test3','Alta','E057915'),
('F00057773','Nombre test3','ApellidoPaterno test3','ApellidoMaterno test3','Alta','E057915'),
('F00057773','Nombre test3','ApellidoPaterno test3','ApellidoMaterno test3','Alta','E057915'),
('F00057773','Nombre test3','ApellidoPaterno test3','ApellidoMaterno test3','Alta','E057915'),
('F00057773','Nombre test3','ApellidoPaterno test3','ApellidoMaterno test3','Alta','E057915'),
('F00057773','Nombre test3','ApellidoPaterno test3','ApellidoMaterno test3','Alta','E057915')




-------------------------------------------------------------------------------------------------------------------------------------------------------------------------------------
INSERT INTO Venta(ID,Empresa,Mov,MovID,Cliente,FormaPagoTipo,Moneda,Almacen) VALUES
('15680671','MAVI','Factura','ZCBC17126','C02074778','QUINCENAL','PESOS','V00055'),
('15939862','MAVI','Factura','ZCBC17397','C02074778','QUINCENAL','PESOS','V00055')




----------------------------------------------------------------------------------------------------------------------------
INSERT INTO VentaD(ID,Articulo,Renglon,RenglonID) VALUES
('15680671','KSWI00061','4096','2'),
('15939862','PIRM00239','2048','1'),
('15680671','HORO00216','2048','1')


------------------------------------------------------------------------------------------------------------------------------------------
INSERT INTO Art(Articulo,Descripcion1) VALUES
('PIRM00239','TENIS   PIRMA DAMA 4512 NEGRO T250'),
('HORO00216','BROQUEL 512 FLOR PIEDRAS ORO 10K'),
('KSWI00061','URBANO KSWIS UNISEX 83343001 CLASSIC VN NEGRO T250')

